H,D,soc_t0
2,0,0.0
2,1,0.0
2,2,0.0
2,3,0.0
19,0,0.0
19,1,0.0
19,2,0.0
19,3,0.0
20,0,0.01949150000291411
20,1,0.01949150000291411
20,2,0.01949150000291411
20,3,0.01949150000291411
26,0,0.020220480000134614
26,1,0.020220480000134614
26,2,0.020220480000134614
26,3,0.020220480000134614
